kmer	DF	n_chr	chromosomes	chr_unique	n_arrays	arrays	total_count_CHM13	lowcomplexity	ultra_abundant_donor
AAAAAAAAAAAGCTTCAACTCTG	1	1	chr15	yes	1	chr15_15984735_16555577_570843_171	1	yes	no
AAAAAAAAAAAGGTTCAACTCTG	1	1	chr13	yes	1	chr13_15547599_17536288_1988690_1190	1	yes	no
AAAAAAAAAAATTCACTGAGAAT	1	1	chr3	yes	1	chr3_91731393_92595770_864378_171	1	yes	no
AAAAAAAAAACTACACAGAAACA	1	1	chr20	yes	1	chr20_31726830_31910369_183540_171	11	yes	no
AAAAAAAAAAGATTCAACTCTGT	1	1	chr20	yes	1	chr20_30660876_30814167_153292_171	1	yes	no
AAAAAAAAAAGCTTCAACTCTGT	1	1	chr15	yes	1	chr15_15984735_16555577_570843_171	1	yes	no
AAAAAAAAAAGGTTCAACTCTGC	1	1	chr21	yes	1	chr21_10962854_11332699_369846_1870	1	yes	no
AAAAAAAAAAGGTTCAACTCTGT	1	1	chr13	yes	1	chr13_15547599_17536288_1988690_1190	1	yes	no
AAAAAAAAAAGTTCATCTCTGTT	1	1	chr9	yes	1	chr9_46000807_47590847_1590041_680	1	yes	no
AAAAAAAAAATTCACTGAGAATA	1	1	chr3	yes	1	chr3_91731393_92595770_864378_171	1	yes	no
AAAAAAAAAATTCACTGAGAATT	1	1	chr3	yes	1	chr3_91731393_92595770_864378_171	4	yes	no
AAAAAAAAACCCGTTTCAAACGA	1	1	chr19	yes	1	chr19_25892828_29746601_3853774_340	1	yes	no
AAAAAAAAACCCGTTTCCAACGA	1	1	chr19	yes	1	chr19_25892828_29746601_3853774_340	3	yes	no
AAAAAAAAACCGCTTCCAACGAA	1	1	chr1	yes	1	chr1_124130519_125858693_1728175_340	2	yes	no
AAAAAAAAACCGTTTCCAACGAA	1	1	chr1	yes	1	chr1_124130519_125858693_1728175_340	5	yes	no
AAAAAAAAACGTTTCCAACGAAG	1	1	chr1	yes	1	chr1_124130519_125858693_1728175_340	1	yes	no
AAAAAAAAACTACACAGAAACAT	1	1	chr20	yes	1	chr20_31726830_31910369_183540_171	17	yes	no
AAAAAAAAACTAGAGCAGAAGCA	1	1	chr20	yes	1	chr20_30660876_30814167_153292_171	9	yes	no
AAAAAAAAAGACAGAATCATTCT	1	1	chr12	yes	1	chr12_37061344_37204370_143027_340	1	yes	no
